Nombre,Nuevo
Acatitla,Acatitla
Aculco,Aculco
AgrÌcola Oriental,Agrícola Oriental
Allende,Allende
Apatlaco,Apatlaco
Aquiles Serd·n,Aquiles Serdán
AragÛn,Aragón
Atlalilco,Atlalilco
Auditorio,Auditorio
Autobuses del Norte,Autobuses del Norte
Azcapotzalco,Azcapotzalco
Balbuena,Balbuena
Balderas,Balderas
Barranca del Muerto,Barranca del Muerto
Bellas Artes,Bellas Artes
Bondojito,Bondojito
Bosque de AragÛn,Bosque de Aragón
Boulevard Puerto AÈreo,Boulevard Puerto Aéreo
Buenavista,Buenavista
Calle 11,Calle 11
Camarones,Camarones
Canal de San Juan,Canal del Norte
Canal del Norte,Canal de San Juan
Candelaria,Candelaria
Centro MÈdico,Centro Médico
Cerro de la Estrella,Cerro de la Estrella
Chabacano,Chabacano
Chapultepec,Chapultepec
Chilpancingo,Chilpancingo
Ciudad Azteca,Ciudad Azteca
Ciudad Deportiva,Ciudad Deportiva
Colegio Militar,Colegio Militar
ConstituciÛn de 1917,Constitución de 1917
Constituyentes,Constituyentes
Consulado,Consulado
Copilco,Copilco
Coyoac·n,Coyoacán
Coyuya,Coyuya
Cuatro Caminos,Cuatro Caminos
CuauhtÈmoc,Cuauhtémoc
Cuitl·huac,Cuitláhuac
Culhuac·n,Culhuacán
Deportivo 18 de Marzo,Deportivo 18 de Marzo
Deportivo OceanÌa,Deportivo Oceanía
DivisiÛn del Norte,División del Norte
Doctores,Doctores
Ecatepec,Ecatepec
Eduardo Molina,Eduardo Molina
Eje central,Eje central
El Rosario,El Rosario
Ermita,Ermita
EscuadrÛn 201,Escuadrón 201
EtiopÌa/Plaza de la Transparencia,Etiopía/Plaza de la Transparencia
Eugenia,Eugenia
FerrerÌa,Ferrería
Fray Servando,Fray Servando
Garibaldi,Garibaldi
General Anaya,General Anaya
Guelatao,Gómez Farías
Guerrero,Guelatao
GÛmez FarÌas,Guerrero
Hangares,Hangares
Hidalgo,Hidalgo
Hospital 20 de Noviembre,Hospital 20 de Noviembre
Hospital General,Hospital General
Impulsora,Impulsora
Indios Verdes,Indios Verdes
Instituto del PetrÛleo,Instituto del Petróleo
Insurgentes,Insurgentes
Insurgentes Sur,Insurgentes Sur
Isabel la CatÛlica,Isabel la Católica
Iztacalco,Iztacalco
Iztapalapa,Iztapalapa
Jamaica,Jamaica
Ju·rez,Juárez
Juanacatl·n,Juanacatlán
La Paz,La Paz
La Raza,La Raza
La Viga,La Viga
La Villa-BasÌlica,La Villa-Basílica
Lagunilla,Lagunilla
Lindavista,Lindavista
Lomas Estrella,Lomas Estrella
Los Reyes,Los Reyes
L·zaro C·rdenas,Lázaro Cárdenas
M˙zquiz,Múzquiz
MartÌn Carrera,Martín Carrera
Merced,Merced
Mexicaltzingo,Mexicaltzingo
Miguel ¡ngel de Quevedo,Miguel Ángel de Quevedo
Misterios,Misterios
Mixcoac,Mixcoac
Mixiuhca,Mixiuhca
Moctezuma,Moctezuma
Morelos,Morelos
Nativitas,Nativitas
NezahualcÛyotl,Nezahualcóyotl
NiÒos HÈroes,Niños Héroes
Nopalera,Nopalera
Normal,Normal
Norte 45,Norte 45
Obrera,Obrera
Observatorio,Observatorio
OceanÌa,Oceanía
OlÌmpica,Olímpica
Olivos,Olivos
Panteones,Panteones
Pantitl·n,Pantitlán
Parque de los venados,Parque de los venados
Patriotismo,Patriotismo
PeÒÛn Viejo,Peñón Viejo
PerifÈrico Oriente,Periférico Oriente
Pino Su·rez,Pino Suárez
Plaza AragÛn,Plaza Aragón
Polanco,Polanco
PolitÈcnico,Politécnico
Popotla,Popotla
Portales,Portales
Potrero,Potrero
Puebla,Puebla
RefinerÌa,Refinería
RevoluciÛn,Revolución
Ricardo Flores MagÛn,Ricardo Flores Magón
RÌo de los Remedios,Río de los Remedios
Romero Rubio,Romero Rubio
Salto del Agua,Salto del Agua
San AndrÈs Tomatl·n,San Andrés Tomatlán
San Antonio,San Antonio
San Antonio Abad,San Antonio Abad
San Cosme,San Cosme
San JoaquÌn,San Joaquín
San Juan de Letr·n,San Juan de Letrán
San L·zaro,San Lázaro
San Pedro de los Pinos,San Pedro de los Pinos
Santa Anita,Santa Anita
Santa Marta,Santa Marta
Sevilla,Sevilla
Tacuba,Tacuba
Tacubaya,Tacubaya
Talism·n,Talismán
TasqueÒa,Tasqueña
Tepalcates,Tepalcates
Tepito,Tepito
Terminal AÈrea,Terminal Aérea
Tezonco,Tezonco
TezozÛmoc,Tezozómoc
Tlaltenco,Tláhuac
Tlatelolco,Tlaltenco
Tl·huac,Tlatelolco
UAM-I,UAM-I
Universidad,Universidad
Valle GÛmez,Valle Gómez
Vallejo,Vallejo
VelÛdromo,Velódromo
Viaducto,Viaducto
Villa de AragÛn,Villa de Aragón
Villa de CortÈs,Villa de Cortés
Viveros/Derechos Humanos,Viveros/Derechos Humanos
Xola,Xola
Zapata,Zapata
Zapotitl·n,Zapotitlán
Zaragoza,Zaragoza
ZÛcalo,Zócalo